Flight,To,STD,Departed,Arrived,Duration,Terminal,Gate
SQ362 SIA362, Moscow (DME / UUDD),00:00 UTC+08,12:53 UTC+08 ,05:52 MSK,NULL,3,A15
LX177 SWR177, Zurich (ZRH / LSZH),00:01 UTC+08,00:24 UTC+08 ,06:15 CET,13h 10m,2,E7
SQ388 , Barcelona (BCN / LEBL),00:02 UTC+08,00:40 UTC+08 ,07:10 CET,14h 5m,3,C1
IX687 AXB687, Chennai (MAA / VOMM),00:10 UTC+08,00:10 UTC+08 ,02:00 IST,4h 20m,2,E6
SQ225 SIA225, Perth (PER / YPPH),00:10 UTC+08,00:31 UTC+08 ,05:19 AWST,4h 48m,3,B7
SQ608 SIA608, Seoul (ICN / RKSI),00:10 UTC+08,00:16 UTC+08 ,07:25 KST,6h 9m,3,A1
SQ336 SIA336, Paris (CDG / LFPG),00:15 UTC+08,00:17 UTC+08 ,07:21 CET,14h 4m,3,B10
RU737 , Hong Kong (HKG / VHHH),00:15 UTC+08,00:15 UTC+08,04:20 HKT,4h 5m,2,E6
CA970 CCA970, Beijing (PEK / ZBAA),00:15 UTC+08,00:23 UTC+08 ,06:22 CST,5h 59m,1,C24
LO68 , Warsaw (WAW / EPWA),00:20 UTC+08,00:44 UTC+08 ,06:15 CET,12h 31m,2,F52
PR510 PAL510, Manila (MNL / RPLL),00:20 UTC+08,00:20 UTC+08 ,04:01 PST,3h 41m,1,C17
SQ328 SIA328, Munich (MUC / EDDM),00:25 UTC+08,00:32 UTC+08 ,06:30 CET,13h 5m,3,A14
MU544 CES544, Shanghai (PVG / ZSPD),00:25 UTC+08,00:51 UTC+08 ,05:45 CST,4h 54m,3,A7
TR172 , Jinan (TNA / ZSJN),00:25 UTC+08,00:25 UTC+08 ,06:20 CST,5h 55m,1,D40
7C4056 JJA4056, Busan (PUS / RKPK),00:25 UTC+08,00:56 UTC+08 ,08:01 KST,6h 4m,4,G2
SQ237 SIA237, Melbourne (MEL / YMML),00:25 UTC+08,00:28 UTC+08 ,10:48 AEDT,7h 20m,3,A11
EK353 UAE353, Dubai (DXB / OMDB),00:30 UTC+08,01:16 UTC+08 ,05:07 UTC+04,7h 51m,1,C25
SQ22 SIA22, New York (EWR / KEWR),00:40 UTC+08,00:53 UTC+08 ,05:44 EST,17h 51m,3,A15
NH804 AJX804, Tokyo (NRT / RJAA),00:40 UTC+08,00:40 UTC+08,08:24 JST,6h 44m,2,F34
5J548 CEB548, Cebu (CEB / RPVM),00:45 UTC+08,00:45 UTC+08 ,04:56 PST,4h 11m,4,G2
SQ231 SIA231, Sydney (SYD / YSSY),00:45 UTC+08,01:08 UTC+08 ,12:14 AEDT,8h 6m,3,A10
SQ255 SIA255, Brisbane (BNE / YBBN),00:55 UTC+08,01:20 UTC+08 ,10:31 AEST,7h 11m,3,B3
MI811 , Cairns (CNS / YBCS),01:00 UTC+08,01:08 UTC+08 ,09:46 AEST,6h 38m,2,F35
SQ306 SIA306, London (LHR / EGLL),01:10 UTC+08,01:08 UTC+08 ,07:07 GMT,13h 59m,3,A5
SQ800 SIA800, Beijing (PEK / ZBAA),01:10 UTC+08,01:12 UTC+08 ,07:02 CST,5h 50m,3,A11
SQ672 SIA672, Nagoya (NGO / RJGG),01:20 UTC+08,01:43 UTC+08 ,08:47 JST,6h 4m,3,A16
SQ656 SIA656, Fukuoka (FUK / RJFF),01:20 UTC+08,01:39 UTC+08 ,08:48 JST,6h 9m,3,B8
CX714 CPA714, Hong Kong (HKG / VHHH),01:25 UTC+08,01:30 UTC+08 ,05:05 HKT,3h 40m,4,G18
SQ478 SIA478, Johannesburg (JNB / FAOR),01:30 UTC+08,14:01 UTC+08 ,06:22 SAST,NULL,3,B3
SQ346 SIA346, Zurich (ZRH / LSZH),01:30 UTC+08,01:30 UTC+08 ,07:50 CET,13h 20m,3,B4
TR138 TGW138, Tianjin (TSN / ZBTJ),01:30 UTC+08,01:30 UTC+08 ,07:25 CST,5h 55m,1,C15
SQ618 SIA618, Osaka (KIX / RJBB),01:30 UTC+08,01:46 UTC+08 ,08:42 JST,5h 56m,3,A2
KE646 KAL646, Seoul (ICN / RKSI),01:30 UTC+08,01:40 UTC+08 ,09:10 KST,6h 30m,4,G19
KL836 KLM836, Amsterdam (AMS / EHAM),01:35 UTC+08,01:44 UTC+08 ,07:42 CET,12h 58m,1,C13
OZ754 , Seoul (ICN / RKSI),01:45 UTC+08,02:27 UTC+08 ,08:55 KST,6h 10m,3,A9
MI868 SLK868, Hiroshima (HIJ / RJOA),01:45 UTC+08,01:49 UTC+08 ,08:57 JST,6h 8m,2,F59
SQ392 SIA392, Istanbul (ISL / LTBA),01:50 UTC+08,01:55 UTC+08 ,08:25 UTC+03,11h 35m,3,C22
SQ366 , Rome (FCO / LIRF),01:55 UTC+08,02:18 UTC+08 ,08:21 CET,13h 3m,3,A5
3K791 JSA791, Naha (OKA / ROAH),02:00 UTC+08,02:01 UTC+08 ,08:19 JST,5h 18m,1,D40
QR945 QTR945, Doha (DOH / OTHH),02:00 UTC+08,01:56 UTC+08 ,05:08 UTC+03,8h 12m,1,D49
ET639 , Addis Ababa (ADD / HAAB),02:00 UTC+08,02:25 UTC+08 ,06:09 EAT,8h 44m,2,F33
3K779 , Angeles City (CRK / RPLC),02:20 UTC+08,02:27 UTC+08 ,06:06 PST,3h 39m,1,D30
JL38 JAL38, Tokyo (HND / RJTT),02:20 UTC+08,02:22 UTC+08 ,09:52 JST,6h 30m,1,C1
SQ402 SIA402, Delhi (DEL / VIDP),02:25 UTC+08,02:29 UTC+08 ,05:25 IST,5h 26m,3,A10
SQ334 , Paris (CDG / LFPG),02:30 UTC+08,02:37 UTC+08 ,09:36 CET,13h 59m,3,B6
SQ612 SIA612, Seoul (ICN / RKSI),02:30 UTC+08,02:34 UTC+08 ,09:38 KST,6h 4m,3,B3
6E42 IGO042, Kolkata (CCU / VECC),02:45 UTC+08,02:47 UTC+08 ,04:20 IST,4h 2m,2,E27
GX8968 CBG8968, Nanning (NNG / ZGNN),03:30 UTC+08,03:27 UTC+08 ,06:40 CST,3h 13m,4,G17
UQ2662 CUH2662, Wuhan (WUH / ZHHH),03:40 UTC+08,03:45 UTC+08 ,08:55 CST,5h 15m,4,G4
CZ8490 CSN8490, Guangzhou (CAN / ZGGG),03:55 UTC+08,03:49 UTC+08 ,07:55 CST,4h,1,C17
RX789 , Dhaka (DAC / VGHS),04:15 UTC+08,04:15 UTC+08,06:30 UTC+06,4h 15m,4,G2
6E1215 IGO1215, Delhi (DEL / VIDP),04:15 UTC+08,04:05 UTC+08 ,07:22 IST,5h 47m,2,E2
G828 , Bangalore (BLR / VOBL),04:20 UTC+08,04:20 UTC+08 ,07:21 IST,5h 31m,4,G6
JQ117 JST117, Denpasar (DPS / WADD),05:20 UTC+08,06:31 UTC+08 ,08:06 WITA,NULL,1,D40
TR100 TGW100, Guangzhou (CAN / ZGGG),05:30 UTC+08,05:29 UTC+08 ,09:30 CST,4h,1,C15
6E58 IGO58, Bangalore (BLR / VOBL),05:30 UTC+08,05:51 UTC+08 ,07:40 IST,4h 19m,2,F30
6E54 IGO054, Chennai (MAA / VOMM),05:50 UTC+08,05:53 UTC+08 ,07:10 IST,3h 46m,2,E27
MH602 , Kuala Lumpur (KUL / WMKK),06:00 UTC+08,05:58 UTC+08 ,07:10 UTC+08,1h 10m,2,F36
MI320 , Kuala Lumpur (KUL / WMKK),06:00 UTC+08,06:04 UTC+08 ,06:55 UTC+08,55m,2,F56
TR978 TGW978, Hong Kong (HKG / VHHH),06:05 UTC+08,06:06 UTC+08 ,09:59 HKT,3h 52m,1,C18
TR890 , Sapporo (CTS / RJCC),06:05 UTC+08,06:05 UTC+08 ,14:35 JST,7h 30m,1,C25
TR894 TGW894, Kaohsiung (KHH / RCKH),06:25 UTC+08,06:55 UTC+08 ,10:45 CST,NULL,1,C26
NH802 ANA802, Tokyo (NRT / RJAA),06:35 UTC+08,06:33 UTC+08 ,14:04 JST,6h 31m,2,E4
CX692 CPA692, Hong Kong (HKG / VHHH),06:40 UTC+08,07:49 UTC+08 ,10:36 HKT,NULL,4,G21
TR484 TGW484, Ipoh (IPH / WMKI),06:45 UTC+08,06:45 UTC+08 ,07:55 UTC+08,1h 10m,1,C16
SQ950 SIA950, Jakarta (CGK / WIII),06:50 UTC+08,06:58 UTC+08 ,07:26 WIB,1h 28m,2,E3
MI750 SLK750, Phuket (HKT / VTSP),07:00 UTC+08,07:06 UTC+08 ,07:35 UTC+07,1h 29m,2,F42
TR608 , Bangkok (BKK / VTBS),07:00 UTC+08,07:13 UTC+08 ,08:30 UTC+07,2h 30m,1,D35
MI972 SLK972, Chongqing (CKG / ZUCK),07:00 UTC+08,06:58 UTC+08 ,11:28 CST,4h 30m,2,E6
MI962 SLK962, Shenzhen (SZX / ZGSZ),07:05 UTC+08,07:12 UTC+08 ,11:12 CST,4h,2,E4
SQ241 SIA241, Sydney (SYD / YSSY),07:05 UTC+08,07:08 UTC+08 ,18:17 AEDT,8h 9m,3,B5
3K721 JSA721, Taipei (TPE / RCTP),07:10 UTC+08,09:05 UTC+08 ,19:54 CST,NULL,1,B1
MI322 SLK322, Kuala Lumpur (KUL / WMKK),07:10 UTC+08,07:20 UTC+08 ,08:10 UTC+08,1h,2,F35
3K555 JSA555, Ho Chi Minh City (SGN / VVTS),07:10 UTC+08,07:20 UTC+08 ,08:23 UTC+07,2h 3m,1,D32
SQ970 SIA970, Bangkok (BKK / VTBS),07:15 UTC+08,07:37 UTC+08 ,08:50 UTC+07,2h 13m,2,E11
TR280 TGW280, Denpasar (DPS / WADD),07:15 UTC+08,07:15 UTC+08 ,09:46 WITA,2h 31m,1,D44
SQ265 SIA265, Brisbane (BNE / YBBN),07:15 UTC+08,07:24 UTC+08 ,16:26 AEST,7h 2m,3,B6
TR12 , Sydney (SYD / YSSY),07:15 UTC+08,07:15 UTC+08 ,18:24 AEDT,8h 9m,1,C24
3K683 JSA683, Kuala Lumpur (KUL / WMKK),07:20 UTC+08,07:30 UTC+08 ,08:25 UTC+08,1h 5m,1,C11
GA823 GIA823, Jakarta (CGK / WIII),07:25 UTC+08,07:27 UTC+08 ,08:12 WIB,1h 45m,3,A7
MI234 SLK234, Medan (KNO / WIMM),07:30 UTC+08,07:45 UTC+08 ,08:02 WIB,1h 16m,2,E24
SQ828 SIA828, Shanghai (PVG / ZSPD),07:30 UTC+08,07:30 UTC+08 ,12:40 CST,5h 10m,3,A6
AK700 AXM700, Kuala Lumpur (KUL / WMKK),07:35 UTC+08,07:32 UTC+08 ,08:35 UTC+08,1h,4,G4
SQ952 SIA952, Jakarta (CGK / WIII),07:40 UTC+08,07:40 UTC+08 ,08:20 WIB,1h 40m,2,E26
MI602 SLK602, Phnom Penh (PNH / VDPP),07:40 UTC+08,07:49 UTC+08 ,08:47 UTC+07,1h 58m,2,F52
TR264 TGW264, Surabaya (SUB / WARR),07:40 UTC+08,07:41 UTC+08 ,09:05 WIB,2h 25m,1,C19
3K817 JSA817, Haikou (HAK / ZJHK),07:40 UTC+08,07:47 UTC+08 ,11:20 CST,3h 33m,1,D30
SQ213 SIA213, Perth (PER / YPPH),07:40 UTC+08,07:40 UTC+08 ,12:50 AWST,5h 10m,3,A12
MI142 , Makassar (UPG / WAAA),07:45 UTC+08,07:49 UTC+08 ,10:41 WITA,2h 52m,2,F52
SQ422 SIA422, Mumbai (BOM / VABB),07:45 UTC+08,07:55 UTC+08 ,10:39 IST,5h 14m,3,B3
SQ207 SIA207, Melbourne (MEL / YMML),07:45 UTC+08,07:42 UTC+08 ,18:07 AEDT,7h 25m,3,B1
SQ930 SIA930, Surabaya (SUB / WARR),07:50 UTC+08,07:48 UTC+08 ,09:20 WIB,2h 32m,2,F58
MI346 SLK346, Penang (PEN / WMKP),07:55 UTC+08,07:55 UTC+08 ,09:05 UTC+08,1h 10m,2,F33
3K533 JSA533, Phuket (HKT / VTSP),07:55 UTC+08,07:55 UTC+08 ,08:47 UTC+07,1h 52m,1,D37
MI134 SLK134, Balikpapan (BPN / WALL),07:55 UTC+08,08:12 UTC+08 ,10:34 WITA,2h 21m,2,E7
SQ998 SIA998, Yangon (RGN / VYYY),07:55 UTC+08,08:00 UTC+08 ,09:11 UTC+0630,2h 41m,2,F31
TR426 TGW426, Penang (PEN / WMKP),08:01 UTC+08,08:29 UTC+08 ,09:36 UTC+08,1h 6m,1,C3
CX710 CPA710, Hong Kong (HKG / VHHH),08:01 UTC+08,08:00 UTC+08 ,11:33 HKT,3h 33m,4,G20
SQ850 SIA850, Guangzhou (CAN / ZGGG),08:05 UTC+08,08:02 UTC+08 ,11:56 CST,3h 54m,3,A16
CZ352 CSN352, Guangzhou (CAN / ZGGG),08:05 UTC+08,08:12 UTC+08 ,12:08 CST,3h 56m,1,D36
MI922 SLK922, Xiamen (XMN / ZSAM),08:05 UTC+08,08:15 UTC+08 ,12:33 CST,4h 18m,2,E1
SQ600 SIA600, Seoul (ICN / RKSI),08:05 UTC+08,08:11 UTC+08 ,15:23 KST,6h 12m,3,A3
SQ632 SIA632, Tokyo (HND / RJTT),08:05 UTC+08,08:00 UTC+08 ,15:40 JST,6h 40m,3,B6
3K285 JSA285, Medan (KNO / WIMM),08:10 UTC+08,08:20 UTC+08 ,08:32 WIB,1h 11m,1,C11
MI772 SLK772, Koh Samui (USM / VTSM),08:10 UTC+08,08:09 UTC+08 ,08:44 UTC+07,1h 35m,2,E10
SQ876 SIA876, Taipei (TPE / RCTP),08:10 UTC+08,08:07 UTC+08 ,12:39 CST,4h 32m,3,B8
TR274 TGW274, Jakarta (CGK / WIII),08:15 UTC+08,08:15 UTC+08 ,08:58 WIB,1h 43m,1,C13
TG402 THA402, Bangkok (BKK / VTBS),08:15 UTC+08,08:17 UTC+08 ,09:32 UTC+07,2h 15m,1,D49
SQ938 SIA938, Denpasar (DPS / WADD),08:20 UTC+08,08:30 UTC+08 ,11:10 WITA,2h 40m,2,E3
MI152 SLK152, Yogyakarta (JOG / WAHH),08:20 UTC+08,11:58 UTC+08 ,13:04 WIB,2h 6m,2,F37
TR384 TGW384, Cebu (CEB / RPVM),08:20 UTC+08,08:20 UTC+08 ,12:12 PST,3h 52m,1,D42
AI381 AIC381, Delhi (DEL / VIDP),08:20 UTC+08,08:26 UTC+08 ,11:26 IST,5h 30m,2,E4
JL712 JAL712, Tokyo (NRT / RJAA),08:20 UTC+08,08:19 UTC+08 ,16:01 JST,6h 42m,1,C18
SQ860 SIA860, Hong Kong (HKG / VHHH),08:25 UTC+08,08:53 UTC+08 ,12:40 HKT,3h 47m,3,A11
TR648 TGW648, Phuket (HKT / VTSP),08:30 UTC+08,08:34 UTC+08 ,09:09 UTC+07,1h 35m,1,C24
SQ106 SIA106, Kuala Lumpur (KUL / WMKK),08:30 UTC+08,08:58 UTC+08 ,09:44 UTC+08,45m,2,F34
TR874 TGW874, Taipei (TPE / RCTP),08:30 UTC+08,08:30 UTC+08 ,13:31 CST,5h 1m,1,C26
SQ277 SIA277, Adelaide (ADL / YPAD),08:30 UTC+08,08:33 UTC+08 ,17:44 ACDT,6h 41m,3,A20
MI614 SLK614, Siem Reap (REP / VDSR),08:40 UTC+08,08:55 UTC+08 ,09:51 UTC+07,1h 56m,2,F32
SQ182 SIA182, Brunei (BWN / WBSB),08:40 UTC+08,08:49 UTC+08 ,10:46 UTC+08,1h 57m,2,F41
MI392 SLK392, Kota Kinabalu (BKI / WBKK),08:45 UTC+08,08:43 UTC+08 ,10:51 UTC+08,2h 8m,2,F56
SQ802 SIA802, Beijing (PEK / ZBAA),08:45 UTC+08,08:50 UTC+08 ,15:07 CST,6h 17m,3,B4
SQ281 SIA281, Auckland (AKL / NZAA),08:45 UTC+08,08:49 UTC+08 ,23:06 NZDT,9h 17m,3,B7
MI102 SLK102, Semarang (SRG / WIIS),08:50 UTC+08,09:06 UTC+08 ,10:22 WIB,2h 16m,2,F52
AK702 AXM702, Kuala Lumpur (KUL / WMKK),08:55 UTC+08,08:55 UTC+08 ,09:38 UTC+08,42m,4,G1
SQ308 SIA308, London (LHR / EGLL),09:00 UTC+08,09:01 UTC+08 ,14:59 GMT,13h 58m,3,B2
AI347 AIC347, Chennai (MAA / VOMM),09:00 UTC+08,09:32 UTC+08 ,10:56 IST,3h 54m,2,E2
SQ942 SIA942, Denpasar (DPS / WADD),09:05 UTC+08,09:23 UTC+08 ,11:57 WITA,2h 34m,2,F31
TR350 TGW350, Luang Prabang (LPQ / VLLB),09:05 UTC+08,09:05 UTC+08 ,11:09 UTC+07,3h 4m,1,D40
MI424 SLK424, Bangalore (BLR / VOBL),09:05 UTC+08,09:13 UTC+08 ,10:55 IST,4h 12m,2,F36
3K581 JSA581, Yangon (RGN / VYYY),09:10 UTC+08,09:25 UTC+08 ,10:39 UTC+0630,2h 44m,1,D44
TR452 TGW452, Kuala Lumpur (KUL / WMKK),09:10 UTC+08,09:19 UTC+08 ,09:59 UTC+08,40m,1,C16
MI632 SLK632, Da Nang (DAD / VVDN),09:15 UTC+08,11:39 UTC+08 ,13:32 UTC+07,2h 53m,2,E2
SQ910 SIA910, Manila (MNL / RPLL),09:15 UTC+08,09:12 UTC+08 ,12:48 PST,3h 36m,2,E24
SQ32 SIA32, San Francisco (SFO / KSFO),09:20 UTC+08,09:23 UTC+08 ,08:05 PST,14h 42m,3,A15
SQ176 SIA176, Hanoi (HAN / VVNB),09:20 UTC+08,09:18 UTC+08 ,11:28 UTC+07,3h 10m,2,F50
MI274 SLK274, Manado (MDC / WAMM),09:20 UTC+08,09:58 UTC+08 ,13:12 WITA,3h 14m,2,F35
MI324 SLK324, Kuala Lumpur (KUL / WMKK),09:20 UTC+08,10:32 UTC+08 ,11:17 UTC+08,45m,2,E6
SQ830 SIA830, Shanghai (PVG / ZSPD),09:20 UTC+08,09:29 UTC+08 ,14:41 CST,5h 12m,3,A4
SQ12 SIA12, Tokyo (NRT / RJAA),09:20 UTC+08,09:21 UTC+08 ,17:07 JST,6h 46m,3,B9
SQ956 SIA956, Jakarta (CGK / WIII),09:30 UTC+08,09:38 UTC+08 ,10:15 WIB,1h 37m,2,F60
TR606 TGW606, Bangkok (BKK / VTBS),09:30 UTC+08,09:30 UTC+08 ,11:01 UTC+07,2h 31m,1,D35
MI560 SLK560, Cebu (CEB / RPVM),09:30 UTC+08,09:33 UTC+08 ,13:03 PST,3h 30m,2,F56
UK116 VTI116, Delhi (DEL / VIDP),09:30 UTC+08,09:43 UTC+08 ,13:04 IST,5h 51m,3,A6
SQ223 SIA223, Perth (PER / YPPH),09:30 UTC+08,09:28 UTC+08 ,14:34 AWST,5h 6m,3,B1
TR10 TGW010, Perth (PER / YPPH),09:30 UTC+08,09:33 UTC+08 ,14:42 AWST,5h 9m,1,C23
CA976 CCA976, Beijing (PEK / ZBAA),09:30 UTC+08,09:25 UTC+08 ,15:47 CST,6h 22m,1,C25
EK433 UAE433, Dubai (DXB / OMDB),09:35 UTC+08,09:46 UTC+08 ,13:26 UTC+04,7h 40m,1,C24
SQ288 SIA288, Sydney (SYD / YSSY),09:35 UTC+08,09:35 UTC+08 ,20:30 AEDT,7h 55m,3,C1
JT153 LNI153, Jakarta (CGK / WIII),09:45 UTC+08,09:49 UTC+08 ,10:27 WIB,1h 37m,3,B6
SQ972 SIA972, Bangkok (BKK / VTBS),09:45 UTC+08,09:46 UTC+08 ,11:13 UTC+07,2h 27m,2,E27
UL307 ALK307, Colombo (CMB / VCBI),09:45 UTC+08,09:43 UTC+08 ,11:00 UTC+0530,3h 47m,3,A9
SQ245 SIA245, Brisbane (BNE / YBBN),09:45 UTC+08,09:44 UTC+08 ,19:17 AEST,7h 33m,3,A1
SQ992 SIA992, Phuket (HKT / VTSP),09:50 UTC+08,09:49 UTC+08 ,10:39 UTC+07,1h 50m,2,F40
TR276 TGW276, Jakarta (CGK / WIII),09:50 UTC+08,09:50 UTC+08 ,10:40 WIB,1h 50m,1,C20
SQ178 SIA178, Ho Chi Minh City (SGN / VVTS),09:50 UTC+08,09:59 UTC+08 ,11:01 UTC+07,2h 2m,2,F54
SQ856 SIA856, Hong Kong (HKG / VHHH),09:55 UTC+08,10:03 UTC+08 ,13:51 HKT,3h 48m,3,B5
MH604 MAS604, Kuala Lumpur (KUL / WMKK),09:55 UTC+08,10:13 UTC+08 ,11:03 UTC+08,50m,2,E1
MI348 SLK348, Penang (PEN / WMKP),10:00 UTC+08,12:22 UTC+08 ,13:33 UTC+08,1h 11m,2,E1
GA825 GIA825, Jakarta (CGK / WIII),10:00 UTC+08,10:00 UTC+08 ,10:55 WIB,1h 55m,3,A18
TR114 TGW114, Nanning (NNG / ZGNN),10:00 UTC+08,10:00 UTC+08 ,13:52 CST,3h 52m,1,D35
CX658 CPA658, Hong Kong (HKG / VHHH),10:00 UTC+08,10:00 UTC+08 ,13:53 HKT,3h 53m,4,G19
D7673 XAX673, Kuala Lumpur (KUL / WMKK),10:05 UTC+08,10:26 UTC+08 ,11:08 UTC+08,41m,4,G20
UA2 UAL2, San Francisco (SFO / KSFO),10:10 UTC+08,10:03 UTC+08 ,08:42 PST,14h 39m,2,E26
OD802 MXD802, Kuala Lumpur (KUL / WMKK),10:10 UTC+08,10:28 UTC+08 ,11:14 UTC+08,45m,3,A19
MU546 CES546, Shanghai (PVG / ZSPD),10:10 UTC+08,10:13 UTC+08 ,15:12 CST,4h 59m,3,A21
EK432 UAE432, Brisbane (BNE / YBBN),10:10 UTC+08,10:07 UTC+08 ,19:31 AEST,7h 24m,1,C13
3K671 JSA671, Penang (PEN / WMKP),10:15 UTC+08,10:24 UTC+08 ,11:44 UTC+08,1h 20m,1,C19
5J814 CEB814, Manila (MNL / RPLL),10:15 UTC+08,10:33 UTC+08 ,14:11 PST,3h 37m,4,G2
MI326 SLK326, Kuala Lumpur (KUL / WMKK),10:15 UTC+08,11:18 UTC+08 ,12:16 UTC+08,58m,2,F41
QZ263 AWQ263, Jakarta (CGK / WIII),10:20 UTC+08,10:20 UTC+08 ,10:55 WIB,1h 35m,4,G10
CI752 CAL752, Taipei (TPE / RCTP),10:25 UTC+08,10:31 UTC+08 ,15:01 CST,4h 30m,3,A17
TR180 TGW180, Nanjing (NKG / ZSNJ),10:25 UTC+08,10:25 UTC+08 ,15:54 CST,5h 29m,1,D36
TR284 TGW284, Denpasar (DPS / WADD),10:30 UTC+08,10:30 UTC+08 ,13:39 WITA,3h 9m,1,D47
UK106 VTI106, Mumbai (BOM / VABB),10:30 UTC+08,10:36 UTC+08 ,13:36 IST,5h 30m,3,A6
SQ211 SIA211, Sydney (SYD / YSSY),10:30 UTC+08,10:28 UTC+08 ,21:12 AEDT,7h 44m,3,A14
QZ366 AWQ366, Bandung (BDO / WICC),10:35 UTC+08,10:31 UTC+08 ,11:22 WIB,1h 51m,4,G8
PR502 PAL502, Manila (MNL / RPLL),10:35 UTC+08,10:30 UTC+08 ,14:12 PST,3h 42m,1,C18
AK733 AXM733, Langkawi (LGK / WMKL),10:45 UTC+08,10:36 UTC+08 ,11:52 UTC+08,1h 16m,4,G4
IX683 AXB683, Madurai (IXM / VOMD),10:45 UTC+08,10:45 UTC+08 ,12:11 IST,3h 56m,2,F30
TR174 TGW174, Fuzhou (FOC / ZSFZ),10:45 UTC+08,10:45 UTC+08 ,15:22 CST,4h 37m,1,C17
NH842 ANA842, Tokyo (HND / RJTT),10:50 UTC+08,10:53 UTC+08 ,18:29 JST,6h 36m,2,E12
FD358 AIQ358, Bangkok (DMK / VTBD),10:55 UTC+08,11:09 UTC+08 ,12:23 UTC+07,2h 14m,4,G6
QR943 QTR943, Doha (DOH / OTHH),10:55 UTC+08,10:56 UTC+08 ,13:56 UTC+03,8h,1,D32
3K207 JSA207, Jakarta (CGK / WIII),11:00 UTC+08,11:16 UTC+08 ,11:58 WIB,1h 42m,1,D44
BL110 PIC110, Ho Chi Minh City (SGN / VVTS),11:00 UTC+08,11:00 UTC+08 ,12:32 UTC+07,2h 32m,1,D30
6E29 IGO029, Mumbai (BOM / VABB),11:00 UTC+08,11:22 UTC+08 ,14:43 IST,5h 51m,2,E3
KE648 KAL648, Seoul (ICN / RKSI),11:00 UTC+08,11:11 UTC+08 ,18:26 KST,6h 15m,4,G18
TR24 TGW024, Melbourne (MEL / YMML),11:00 UTC+08,11:14 UTC+08 ,21:32 AEDT,7h 17m,1,C15
SQ217 SIA217, Melbourne (MEL / YMML),11:00 UTC+08,11:07 UTC+08 ,21:25 AEDT,7h 18m,3,A10
MH614 MAS614, Kuala Lumpur (KUL / WMKK),11:05 UTC+08,11:31 UTC+08 ,12:27 UTC+08,56m,2,F50
QZ659 AWQ659, Yogyakarta (JOG / WAHH),11:10 UTC+08,11:17 UTC+08 ,12:25 WIB,2h 8m,4,G2
TR252 TGW252, Pekanbaru (PKU / WIBB),11:15 UTC+08,11:25 UTC+08 ,11:10 WIB,45m,1,D40
ID7154 BTK7154, Jakarta (CGK / WIII),11:20 UTC+08,11:20 UTC+08 ,11:57 WIB,1h 37m,1,B6
3K515 JSA515, Bangkok (BKK / VTBS),11:20 UTC+08,11:18 UTC+08 ,12:44 UTC+07,2h 26m,1,D37
TR632 TGW632, Hat Yai (HDY / VTSS),11:25 UTC+08,11:25 UTC+08 ,11:46 UTC+07,1h 21m,1,D42
SQ878 SIA878, Taipei (TPE / RCTP),11:30 UTC+08,11:34 UTC+08 ,16:13 CST,4h 39m,3,B4
AK1310 AXM1310, Ipoh (IPH / WMKI),11:40 UTC+08,11:34 UTC+08 ,12:34 UTC+08,1h,4,G15
AK1720 AXM1720, Penang (PEN / WMKP),11:45 UTC+08,11:42 UTC+08 ,12:53 UTC+08,1h 11m,4,G7
AK1776 AXM1776, Kuching (KCH / WBGG),11:45 UTC+08,11:46 UTC+08 ,13:10 UTC+08,1h 24m,4,G4
AK1794 AXM1794, Kota Kinabalu (BKI / WBKK),11:45 UTC+08,11:37 UTC+08 ,13:51 UTC+08,2h 14m,4,G9
QZ267 AWQ267, Jakarta (CGK / WIII),11:50 UTC+08,11:45 UTC+08 ,12:23 WIB,1h 38m,4,G13
GA843 , Denpasar (DPS / WADD),11:50 UTC+08,NA,NULL,2h 50m,3,A17
JT163 LNI163, Jakarta (CGK / WIII),12:00 UTC+08,12:00 UTC+08 ,12:40 WIB,1h 40m,3,B3
MI482 SLK482, Male (MLE / VRMM),12:00 UTC+08,12:12 UTC+08 ,13:44 UTC+05,4h 32m,2,F40
BI422 RBA422, Brunei (BWN / WBSB),12:10 UTC+08,12:10 UTC+08 ,14:14 UTC+08,2h 4m,2,F30
AK706 AXM706, Kuala Lumpur (KUL / WMKK),12:10 UTC+08,12:16 UTC+08 ,13:04 UTC+08,48m,4,G2
MI606 SLK606, Phnom Penh (PNH / VDPP),12:15 UTC+08,12:18 UTC+08 ,13:02 UTC+07,1h 44m,2,F36
AK1758 AXM1758, Miri (MYY / WBGR),12:15 UTC+08,12:29 UTC+08 ,14:19 UTC+08,1h 50m,4,G8
QZ505 , Denpasar (DPS / WADD),12:15 UTC+08,NA,NULL,2h 50m,4,G2
SQ912 SIA912, Manila (MNL / RPLL),12:15 UTC+08,12:16 UTC+08 ,15:46 PST,3h 30m,2,E20
GA829 GIA829, Jakarta (CGK / WIII),12:20 UTC+08,12:20 UTC+08 ,12:57 WIB,1h 37m,3,A14
SL101 TLM101, Bangkok (DMK / VTBD),12:20 UTC+08,12:25 UTC+08 ,13:49 UTC+07,2h 24m,3,A17
OD804 MXD804, Kuala Lumpur (KUL / WMKK),12:20 UTC+08,12:26 UTC+08 ,13:17 UTC+08,51m,3,A19
TG404 THA404, Bangkok (BKK / VTBS),12:25 UTC+08,12:57 UTC+08 ,14:18 UTC+07,2h 21m,1,C20
SQ958 SIA958, Jakarta (CGK / WIII),12:30 UTC+08,12:22 UTC+08 ,13:13 WIB,1h 51m,2,F54
3K509 JSA509, Bangkok (BKK / VTBS),12:40 UTC+08,12:36 UTC+08 ,13:51 UTC+07,2h 15m,1,C11
SQ318 SIA318, London (LHR / EGLL),12:45 UTC+08,12:41 UTC+08 ,18:50 GMT,14h 9m,3,B9
TR604 TGW604, Bangkok (BKK / VTBS),12:45 UTC+08,12:45 UTC+08 ,13:59 UTC+07,2h 14m,1,D42
MI328 SLK328, Kuala Lumpur (KUL / WMKK),12:50 UTC+08,13:09 UTC+08 ,14:10 UTC+08,1h 1m,2,F35
MH642 MAS642, Kuching (KCH / WBGG),12:50 UTC+08,13:01 UTC+08 ,14:32 UTC+08,1h 31m,2,F32
MI562 SLK562, Davao City (DVO / RPMD),12:50 UTC+08,13:46 UTC+08 ,17:23 PST,3h 37m,2,F40
CX690 CPA690, Hong Kong (HKG / VHHH),12:55 UTC+08,12:56 UTC+08 ,16:46 HKT,3h 50m,4,G19
3K685 JSA685, Kuala Lumpur (KUL / WMKK),12:55 UTC+08,12:51 UTC+08 ,13:48 UTC+08,57m,1,D30
MH628 MAS628, Kuala Lumpur (KUL / WMKK),12:55 UTC+08,13:25 UTC+08 ,14:24 UTC+08,59m,2,E6
3K593 JSA593, Phnom Penh (PNH / VDPP),13:00 UTC+08,13:01 UTC+08 ,13:59 UTC+07,1h 58m,1,D47
UB2 UBA002, Yangon (RGN / VYYY),13:00 UTC+08,13:00 UTC+08 ,14:18 UTC+0630,2h 48m,3,A18
FD377 AIQ377, Phuket (HKT / VTSP),13:05 UTC+08,13:16 UTC+08 ,14:04 UTC+07,1h 48m,4,G2
VJ812 VJC812, Ho Chi Minh City (SGN / VVTS),13:05 UTC+08,13:05 UTC+08 ,14:07 UTC+07,2h 2m,4,G12
TR306 TGW306, Ho Chi Minh City (SGN / VVTS),13:05 UTC+08,13:05 UTC+08 ,14:13 UTC+07,2h 8m,1,D49
SQ866 SIA866, Hong Kong (HKG / VHHH),13:05 UTC+08,13:04 UTC+08 ,17:11 HKT,4h 7m,3,B2
SQ974 SIA974, Bangkok (BKK / VTBS),13:10 UTC+08,13:07 UTC+08 ,14:29 UTC+07,2h 22m,2,F52
VN650 HVN650, Ho Chi Minh City (SGN / VVTS),13:15 UTC+08,13:25 UTC+08 ,14:24 UTC+07,1h 59m,4,G17
BR226 EVA226, Taipei (TPE / RCTP),13:15 UTC+08,13:20 UTC+08 ,17:46 CST,4h 26m,3,B10
TR634 TGW634, Hat Yai (HDY / VTSS),13:25 UTC+08,13:25 UTC+08 ,13:46 UTC+07,1h 21m,1,C25
MI754 SLK754, Phuket (HKT / VTSP),13:25 UTC+08,14:41 UTC+08 ,15:40 UTC+07,1h 59m,2,F32
MI350 SLK350, Penang (PEN / WMKP),13:25 UTC+08,15:05 UTC+08 ,17:07 UTC+08,2h 2m,2,E2
VN660 HVN660, Hanoi (HAN / VVNB),13:25 UTC+08,13:36 UTC+08 ,15:50 UTC+07,3h 14m,4,G5
IX681 AXB681, Tiruchirapalli (TRZ / VOTR),13:25 UTC+08,13:25 UTC+08 ,15:03 IST,4h 8m,2,F33
MI774 SLK774, Koh Samui (USM / VTSM),13:30 UTC+08,13:33 UTC+08 ,14:23 UTC+07,1h 50m,2,E10
CZ354 CSN354, Guangzhou (CAN / ZGGG),13:30 UTC+08,13:30 UTC+08 ,17:44 CST,4h 14m,1,D32
6E52 IGO052, Chennai (MAA / VOMM),13:35 UTC+08,13:27 UTC+08 ,15:07 IST,4h 10m,2,E24
FD331 AIQ331, Krabi (KBV / VTSG),13:40 UTC+08,13:37 UTC+08 ,14:26 UTC+07,1h 49m,4,G2
MH606 MAS606, Kuala Lumpur (KUL / WMKK),13:40 UTC+08,14:03 UTC+08 ,15:07 UTC+08,1h 4m,2,F30
6E44 IGO044, Tiruchirapalli (TRZ / VOTR),13:40 UTC+08,14:07 UTC+08 ,15:33 IST,3h 56m,2,F37
AK1722 AXM1722, Penang (PEN / WMKP),13:45 UTC+08,13:42 UTC+08 ,14:57 UTC+08,1h 15m,4,G9
SQ184 SIA184, Ho Chi Minh City (SGN / VVTS),13:45 UTC+08,13:42 UTC+08 ,14:44 UTC+07,2h 2m,2,E5
8M232 MMA232, Yangon (RGN / VYYY),13:45 UTC+08,13:45 UTC+08 ,15:05 UTC+0630,2h 50m,1,D35
3K823 JSA823, Jieyang (SWA / ZGOW),13:50 UTC+08,13:50 UTC+08 ,17:49 CST,3h 59m,1,D40
TR992 TGW992, Taipei (TPE / RCTP),13:50 UTC+08,13:50 UTC+08 ,18:40 CST,4h 50m,1,D36
SQ326 SIA326, Frankfurt (FRA / EDDF),13:55 UTC+08,13:54 UTC+08 ,20:20 CET,13h 26m,3,B8
MI640 SLK640, Da Nang (DAD / VVDN),13:55 UTC+08,13:57 UTC+08 ,15:43 UTC+07,2h 46m,2,E1
TR904 TGW904, Macau (MFM / VMMC),13:55 UTC+08,13:55 UTC+08 ,17:41 CST,3h 46m,1,C17
EK404 UAE404, Melbourne (MEL / YMML),13:55 UTC+08,13:49 UTC+08 ,00:17 AEDT,7h 28m,1,C13
3K557 JSA557, Ho Chi Minh City (SGN / VVTS),14:00 UTC+08,14:22 UTC+08 ,15:38 UTC+07,2h 16m,1,D32
3K601 JSA601, Siem Reap (REP / VDSR),14:00 UTC+08,13:56 UTC+08 ,15:05 UTC+07,2h 9m,1,D40
GA831 GIA831, Jakarta (CGK / WIII),14:05 UTC+08,14:05 UTC+08 ,14:52 WIB,1h 47m,3,A3
CX712 CPA712, Bangkok (BKK / VTBS),14:05 UTC+08,14:19 UTC+08 ,15:44 UTC+07,2h 25m,4,G20
SQ916 SIA916, Manila (MNL / RPLL),14:05 UTC+08,14:01 UTC+08 ,17:43 PST,3h 42m,2,E26
CI754 CAL754, Taipei (TPE / RCTP),14:05 UTC+08,14:21 UTC+08 ,19:12 CST,4h 51m,3,A17
SQ622 SIA622, Osaka (KIX / RJBB),14:05 UTC+08,14:06 UTC+08 ,21:04 JST,5h 58m,3,A12
SQ634 SIA634, Tokyo (HND / RJTT),14:05 UTC+08,14:12 UTC+08 ,21:39 JST,6h 27m,3,B7
MI196 SLK196, Bandung (BDO / WICC),14:15 UTC+08,14:19 UTC+08 ,15:19 WIB,2h,2,E24
TR980 TGW980, Hong Kong (HKG / VHHH),14:15 UTC+08,14:15 UTC+08 ,18:38 HKT,4h 23m,1,D40
MI224 SLK224, Surabaya (SUB / WARR),14:20 UTC+08,15:08 UTC+08 ,17:15 WIB,3h 7m,2,F52
TR16 TGW016, Perth (PER / YPPH),14:20 UTC+08,14:20 UTC+08 ,19:35 AWST,5h 15m,1,D41
TR686 TGW686, Krabi (KBV / VTSG),14:25 UTC+08,14:25 UTC+08 ,15:25 UTC+07,2h,1,C26
TR112 TGW112, Nanchang (KHN / ZSCN),14:25 UTC+08,14:25 UTC+08 ,19:20 CST,4h 55m,1,D37
MI616 SLK616, Siem Reap (REP / VDSR),14:30 UTC+08,17:03 UTC+08 ,18:20 UTC+07,2h 17m,2,E11
QZ663 AWQ663, Semarang (SRG / WIIS),14:35 UTC+08,14:47 UTC+08 ,16:10 WIB,2h 23m,4,G10
OQ2096 CQN2096, Chongqing (CKG / ZUCK),14:35 UTC+08,14:40 UTC+08 ,19:15 CST,4h 35m,1,D42
SQ602 SIA602, Seoul (ICN / RKSI),14:35 UTC+08,14:36 UTC+08 ,21:42 KST,6h 6m,3,A16
D7679 XAX679, Kuala Lumpur (KUL / WMKK),14:40 UTC+08,14:40 UTC+08 ,16:12 UTC+08,1h 32m,4,G18
3K535 JSA535, Phuket (HKT / VTSP),14:40 UTC+08,14:39 UTC+08 ,15:55 UTC+07,2h 16m,1,C24
TR674 TGW674, Chiang Mai (CNX / VTCC),14:45 UTC+08,14:45 UTC+08 ,17:25 UTC+07,3h 40m,1,C20
SQ872 SIA872, Hong Kong (HKG / VHHH),14:45 UTC+08,15:22 UTC+08 ,19:30 HKT,4h 8m,3,A1
JT155 LNI155, Jakarta (CGK / WIII),14:50 UTC+08,14:50 UTC+08 ,16:18 WIB,2h 28m,3,B3
PR508 PAL508, Manila (MNL / RPLL),14:50 UTC+08,15:53 UTC+08 ,19:38 PST,3h 45m,1,C15
TR390 TGW390, Manila (MNL / RPLL),14:50 UTC+08,14:50 UTC+08 ,19:23 PST,4h 33m,1,C11
AK712 AXM712, Kuala Lumpur (KUL / WMKK),14:55 UTC+08,14:58 UTC+08 ,16:49 UTC+08,1h 51m,4,G4
VJ916 VJC916, Hanoi (HAN / VVNB),14:55 UTC+08,14:55 UTC+08 ,17:46 UTC+07,3h 51m,4,G2
FD356 AIQ356, Bangkok (DMK / VTBD),15:00 UTC+08,16:28 UTC+08 ,18:01 UTC+07,2h 33m,4,G10
UL303 ALK303, Colombo (CMB / VCBI),15:00 UTC+08,14:59 UTC+08 ,16:45 UTC+0530,4h 16m,3,A18
MI330 SLK330, Kuala Lumpur (KUL / WMKK),15:05 UTC+08,16:23 UTC+08 ,17:24 UTC+08,1h 1m,2,E6
SQ494 SIA494, Dubai (DXB / OMDB),15:05 UTC+08,17:37 UTC+08 ,21:01 UTC+04,7h 24m,3,B4
SQ188 SIA188, Hanoi (HAN / VVNB),15:10 UTC+08,15:40 UTC+08 ,18:01 UTC+07,3h 21m,2,F31
TR508 TGW508, Amritsar (ATQ / VIAR),15:10 UTC+08,15:10 UTC+08 ,19:21 IST,6h 41m,1,D49
MI518 SLK518, Yangon (RGN / VYYY),15:15 UTC+08,17:27 UTC+08 ,18:50 UTC+0630,2h 53m,2,F40
MF866 CXA866, Fuzhou (FOC / ZSFZ),15:15 UTC+08,20:50 UTC+08 ,00:43 CST,3h 53m,1,D40
GA833 GIA833, Jakarta (CGK / WIII),15:20 UTC+08,16:04 UTC+08 ,16:38 WIB,1h 33m,3,A19
SQ960 SIA960, Jakarta (CGK / WIII),15:20 UTC+08,16:53 UTC+08 ,17:45 WIB,1h 52m,2,E3
TR288 TGW288, Denpasar (DPS / WADD),15:20 UTC+08,15:20 UTC+08 ,18:57 WITA,3h 37m,1,C19
SQ976 SIA976, Bangkok (BKK / VTBS),15:30 UTC+08,15:59 UTC+08 ,17:23 UTC+07,2h 24m,2,F42
TR386 TGW386, Angeles City (CRK / RPLC),15:30 UTC+08,15:30 UTC+08 ,19:29 PST,3h 59m,1,D38
TR486 TGW486, Ipoh (IPH / WMKI),15:35 UTC+08,16:14 UTC+08 ,16:59 UTC+08,45m,1,D30
3K245 JSA245, Denpasar (DPS / WADD),15:40 UTC+08,16:02 UTC+08 ,18:51 WITA,2h 49m,1,C16
MI352 SLK352, Penang (PEN / WMKP),15:45 UTC+08,16:13 UTC+08 ,17:25 UTC+08,1h 12m,2,F41
BR216 EVA216, Taipei (TPE / RCTP),15:45 UTC+08,16:55 UTC+08 ,22:06 CST,5h 11m,3,B7
ET638 ETH638, Kuala Lumpur (KUL / WMKK),15:50 UTC+08,16:43 UTC+08 ,17:10 UTC+08,1h 20m,2,E20
BG85 BBC085, Dhaka (DAC / VGHS),15:50 UTC+08,15:50 UTC+08 ,19:20 UTC+06,5h 30m,1,D35
TG414 THA414, Bangkok (BKK / VTBS),15:55 UTC+08,16:51 UTC+08 ,18:10 UTC+07,2h 19m,1,C23
TR308 TGW308, Hanoi (HAN / VVNB),15:55 UTC+08,15:55 UTC+08 ,18:51 UTC+07,3h 56m,1,D40
TR596 TGW596, Jeddah (JED / OEJN),16:00 UTC+08,16:00 UTC+08 ,23:16 UTC+03,12h 16m,1,C22
TR610 TGW610, Bangkok (BKK / VTBS),16:00 UTC+08,16:00 UTC+08 ,18:29 UTC+07,3h 29m,1,C13
CA404 CCA404, Chengdu (CTU / ZUUU),16:00 UTC+08,16:00 UTC+08 ,21:38 CST,5h 38m,1,D40
TR420 TGW420, Penang (PEN / WMKP),16:05 UTC+08,16:08 UTC+08 ,17:24 UTC+08,1h 16m,1,C24
MI128 SLK128, Lombok (LOP / WADL),16:05 UTC+08,16:38 UTC+08 ,19:19 WITA,2h 41m,2,E7
SQ962 SIA962, Jakarta (CGK / WIII),16:10 UTC+08,16:57 UTC+08 ,17:44 WIB,1h 47m,2,F50
MI340 SLK340, Kuala Lumpur (KUL / WMKK),16:10 UTC+08,19:32 UTC+08 ,20:40 UTC+08,1h 8m,2,E2
TR302 TGW302, Ho Chi Minh City (SGN / VVTS),16:10 UTC+08,16:10 UTC+08 ,17:36 UTC+07,2h 26m,1,C18
VN662 HVN662, Hanoi (HAN / VVNB),16:10 UTC+08,16:43 UTC+08 ,18:49 UTC+07,3h 6m,4,G17
QZ503 AWQ503, Denpasar (DPS / WADD),16:15 UTC+08,16:43 UTC+08 ,19:19 WITA,2h 36m,4,G7
MF852 CXA852, Xiamen (XMN / ZSAM),16:15 UTC+08,21:31 UTC+08 ,01:44 CST,4h 13m,1,D30
MU568 CES568, Shanghai (PVG / ZSPD),16:15 UTC+08,18:18 UTC+08 ,23:30 CST,5h 12m,3,A15
SQ946 SIA946, Denpasar (DPS / WADD),16:20 UTC+08,17:50 UTC+08 ,20:33 WITA,2h 43m,2,F56
MI756 SLK756, Phuket (HKT / VTSP),16:25 UTC+08,17:20 UTC+08 ,18:05 UTC+07,1h 45m,2,F37
SQ406 SIA406, Delhi (DEL / VIDP),16:25 UTC+08,17:18 UTC+08 ,20:24 IST,5h 36m,3,A10
MI226 SLK226, Surabaya (SUB / WARR),16:30 UTC+08,17:11 UTC+08 ,18:38 WIB,2h 27m,2,F32
ID7156 BTK7156, Jakarta (CGK / WIII),16:35 UTC+08,16:35 UTC+08 ,17:20 WIB,1h 45m,1,A17
MI608 SLK608, Phnom Penh (PNH / VDPP),16:35 UTC+08,17:43 UTC+08 ,18:47 UTC+07,2h 4m,2,F30
3K765 JSA765, Manila (MNL / RPLL),16:35 UTC+08,17:04 UTC+08 ,20:56 PST,3h 52m,1,C17
AK714 AXM714, Kuala Lumpur (KUL / WMKK),16:35 UTC+08,18:03 UTC+08 ,19:01 UTC+08,58m,4,G9
MH620 MAS620, Kuala Lumpur (KUL / WMKK),16:35 UTC+08,16:59 UTC+08 ,17:57 UTC+08,58m,2,E2
CX734 CPA734, Hong Kong (HKG / VHHH),16:40 UTC+08,17:30 UTC+08 ,21:19 HKT,3h 49m,4,G19
SQ116 SIA116, Kuala Lumpur (KUL / WMKK),16:45 UTC+08,17:46 UTC+08 ,18:49 UTC+08,1h 3m,2,E4
5J538 CEB538, Angeles City (CRK / RPLC),16:50 UTC+08,17:45 UTC+08 ,21:33 PST,3h 48m,4,G2
TR188 TGW188, Hangzhou (HGH / ZSHC),16:50 UTC+08,16:50 UTC+08 ,22:32 CST,5h 42m,1,D41
VJ814 VJC814, Ho Chi Minh City (SGN / VVTS),16:55 UTC+08,16:55 UTC+08 ,18:42 UTC+07,2h 47m,4,G11
SQ806 SIA806, Beijing (PEK / ZBAA),16:55 UTC+08,17:23 UTC+08 ,23:35 CST,6h 12m,3,A11
OD808 MXD808, Kuala Lumpur (KUL / WMKK),17:00 UTC+08,21:20 UTC+08 ,21:57 UTC+08,37m,3,A12
SV837 SVA837, Jeddah (JED / OEJN),17:00 UTC+08,18:14 UTC+08 ,22:40 UTC+03,9h 26m,3,B8
ID7150 BTK7150, Jakarta (CGK / WIII),17:05 UTC+08,17:05 UTC+08 ,17:49 WIB,1h 44m,1,A18
FD354 AIQ354, Bangkok (DMK / VTBD),17:05 UTC+08,17:39 UTC+08 ,18:59 UTC+07,2h 20m,4,G8
SQ836 SIA836, Shanghai (PVG / ZSPD),17:05 UTC+08,17:43 UTC+08 ,22:47 CST,5h 4m,3,B5
SQ982 SIA982, Bangkok (BKK / VTBS),17:10 UTC+08,17:33 UTC+08 ,18:56 UTC+07,2h 23m,2,F58
SQ964 SIA964, Jakarta (CGK / WIII),17:20 UTC+08,18:00 UTC+08 ,18:44 WIB,1h 44m,2,F35
PG968 BKP968, Koh Samui (USM / VTSM),17:20 UTC+08,17:11 UTC+08 ,18:21 UTC+07,2h 10m,1,C16
MH608 MAS608, Kuala Lumpur (KUL / WMKK),17:25 UTC+08,21:12 UTC+08 ,22:13 UTC+08,1h 1m,2,F52
ZH9024 CSZ9024, Shenzhen (SZX / ZGSZ),17:25 UTC+08,22:22 UTC+08 ,02:32 CST,4h 10m,1,D37
SQ630 SIA630, Tokyo (HND / RJTT),17:25 UTC+08,17:45 UTC+08 ,01:07 JST,6h 22m,3,A14
TR616 TGW616, Bangkok (BKK / VTBS),17:30 UTC+08,17:30 UTC+08 ,19:04 UTC+07,2h 34m,1,E28
SQ186 SIA186, Ho Chi Minh City (SGN / VVTS),17:30 UTC+08,18:02 UTC+08 ,19:08 UTC+07,2h 6m,2,E5
3K583 JSA583, Yangon (RGN / VYYY),17:30 UTC+08,17:46 UTC+08 ,19:22 UTC+0630,3h 6m,1,C15
KL835 KLM835, Denpasar (DPS / WADD),17:35 UTC+08,18:21 UTC+08 ,20:49 WITA,2h 28m,1,C20
AK1792 AXM1792, Kota Kinabalu (BKI / WBKK),17:35 UTC+08,18:03 UTC+08 ,20:33 UTC+08,2h 30m,4,G4
MI416 SLK416, Kathmandu (KTM / VNKT),17:40 UTC+08,19:14 UTC+08 ,21:51 UTC+0545,4h 52m,2,F52
GA835 GIA835, Jakarta (CGK / WIII),17:45 UTC+08,17:45 UTC+08 ,18:52 WIB,2h 7m,3,A19
MI938 SLK938, Chengdu (CTU / ZUUU),17:45 UTC+08,18:49 UTC+08 ,23:23 CST,4h 34m,2,E6
QZ507 AWQ507, Denpasar (DPS / WADD),17:50 UTC+08,18:20 UTC+08 ,21:00 WITA,2h 40m,4,G10
CZ3040 CSN3040, Guangzhou (CAN / ZGGG),17:50 UTC+08,17:57 UTC+08 ,22:16 CST,4h 19m,1,D35
CA776 CCA776, Beijing (PEK / ZBAA),17:50 UTC+08,18:21 UTC+08 ,00:13 CST,5h 52m,1,D42
CX716 CPA716, Hong Kong (HKG / VHHH),18:00 UTC+08,18:33 UTC+08 ,22:03 HKT,3h 29m,4,G18
SQ948 SIA948, Denpasar (DPS / WADD),18:05 UTC+08,18:37 UTC+08 ,21:11 WITA,2h 34m,2,F34
TG408 THA408, Bangkok (BKK / VTBS),18:15 UTC+08,19:03 UTC+08 ,20:30 UTC+07,2h 27m,1,D49
TR182 TGW182, Nanjing (NKG / ZSNJ),18:15 UTC+08,18:15 UTC+08 ,23:23 CST,5h 8m,1,D37
AK1724 AXM1724, Penang (PEN / WMKP),18:20 UTC+08,20:43 UTC+08 ,21:53 UTC+08,1h 10m,4,G5
AK716 AXM716, Kuala Lumpur (KUL / WMKK),18:25 UTC+08,21:13 UTC+08 ,22:13 UTC+08,1h,4,G7
TR652 TGW652, Phuket (HKT / VTSP),18:25 UTC+08,19:03 UTC+08 ,19:47 UTC+07,1h 43m,1,D35
TR278 TGW278, Jakarta (CGK / WIII),18:25 UTC+08,18:25 UTC+08 ,19:17 WIB,1h 52m,1,C11
VN654 HVN654, Ho Chi Minh City (SGN / VVTS),18:25 UTC+08,18:28 UTC+08 ,19:50 UTC+07,2h 22m,4,G5
TR134 TGW134, Xi'an (XIY / ZLXY),18:25 UTC+08,18:25 UTC+08 ,23:55 CST,5h 30m,1,E27
MI758 SLK758, Phuket (HKT / VTSP),18:30 UTC+08,18:55 UTC+08 ,19:42 UTC+07,1h 47m,2,F36
3K517 JSA517, Bangkok (BKK / VTBS),18:30 UTC+08,18:33 UTC+08 ,19:53 UTC+07,2h 20m,1,D38
SQ978 SIA978, Bangkok (BKK / VTBS),18:35 UTC+08,19:21 UTC+08 ,20:40 UTC+07,2h 19m,2,F31
SQ118 SIA118, Kuala Lumpur (KUL / WMKK),18:40 UTC+08,18:51 UTC+08 ,20:12 UTC+08,1h 21m,2,E20
SQ966 SIA966, Jakarta (CGK / WIII),18:40 UTC+08,18:47 UTC+08 ,19:31 WIB,1h 44m,2,F41
SQ215 SIA215, Perth (PER / YPPH),18:40 UTC+08,18:51 UTC+08 ,23:54 AWST,5h 3m,3,B10
SQ530 SIA530, Ahmedabad (AMD / VAAH),18:40 UTC+08,18:53 UTC+08 ,22:03 IST,5h 40m,3,A12
NZ283 ANZ283, Auckland (AKL / NZAA),18:40 UTC+08,18:46 UTC+08 ,08:57 NZDT,9h 11m,3,B6
TR430 TGW430, Kuching (KCH / WBGG),18:45 UTC+08,18:45 UTC+08 ,20:29 UTC+08,1h 44m,1,C19
GA837 GIA837, Jakarta (CGK / WIII),18:45 UTC+08,20:00 UTC+08 ,20:52 WIB,1h 52m,3,A18
3K249 JSA249, Surabaya (SUB / WARR),18:50 UTC+08,19:01 UTC+08 ,20:24 WIB,2h 23m,1,E24
MI968 SLK968, Shenzhen (SZX / ZGSZ),18:50 UTC+08,19:07 UTC+08 ,23:19 CST,4h 12m,2,F40
3K591 JSA591, Phnom Penh (PNH / VDPP),18:55 UTC+08,18:53 UTC+08 ,20:01 UTC+07,2h 8m,1,C17
TR120 TGW120, Wuhan (WUH / ZHHH),18:55 UTC+08,18:55 UTC+08 ,23:49 CST,4h 54m,1,D36
SQ424 SIA424, Mumbai (BOM / VABB),18:55 UTC+08,20:31 UTC+08 ,23:13 IST,5h 12m,3,A5
MI354 SLK354, Penang (PEN / WMKP),19:00 UTC+08,19:25 UTC+08 ,20:36 UTC+08,1h 11m,2,E10
MI238 SLK238, Medan (KNO / WIMM),19:00 UTC+08,19:37 UTC+08 ,19:53 WIB,1h 16m,2,F30
5J806 CEB806, Manila (MNL / RPLL),19:00 UTC+08,19:00 UTC+08 ,23:30 PST,4h 30m,4,G20
TR124 TGW124, Changsha (CSX / ZGHA),19:00 UTC+08,19:00 UTC+08 ,23:37 CST,4h 37m,1,C16
TR478 TGW478, Langkawi (LGK / WMKL),19:10 UTC+08,19:10 UTC+08 ,20:50 UTC+08,1h 40m,1,D47
3K513 JSA513, Bangkok (BKK / VTBS),19:10 UTC+08,19:17 UTC+08 ,20:37 UTC+07,2h 20m,1,D48
SQ918 SIA918, Manila (MNL / RPLL),19:10 UTC+08,19:17 UTC+08 ,22:45 PST,3h 28m,2,E11
QF72 QFA72, Perth (PER / YPPH),19:15 UTC+08,19:24 UTC+08 ,00:36 AWST,5h 12m,1,C13
QF2 QFA2, Sydney (SYD / YSSY),19:15 UTC+08,19:18 UTC+08 ,06:01 AEDT,7h 43m,1,C25
3K551 JSA551, Ho Chi Minh City (SGN / VVTS),19:20 UTC+08,19:30 UTC+08 ,20:42 UTC+07,2h 12m,1,E24
TR428 TGW428, Penang (PEN / WMKP),19:20 UTC+08,20:54 UTC+08 ,21:52 UTC+08,58m,1,C16
EY473 ETD473, Abu Dhabi (AUH / OMAA),19:25 UTC+08,19:46 UTC+08 ,22:55 UTC+04,7h 9m,2,E4
GA855 , Surabaya (SUB / WARR),19:30 UTC+08,19:30 UTC+08,21:17 WUB,2h 25m,3,A17
MH616 MAS616, Kuala Lumpur (KUL / WMKK),19:30 UTC+08,22:09 UTC+08 ,23:04 UTC+08,55m,2,F59
TR466 TGW466, Kuala Lumpur (KUL / WMKK),19:40 UTC+08,19:40 UTC+08 ,20:40 UTC+08,1h,1,D30
3K687 JSA687, Kuala Lumpur (KUL / WMKK),19:40 UTC+08,20:26 UTC+08 ,21:29 UTC+08,1h 3m,1,D35
3U8094 CSC8094, Chengdu (CTU / ZUUU),19:40 UTC+08,19:40 UTC+08 ,00:34 CST,4h 54m,2,F52
QF36 QFA36, Melbourne (MEL / YMML),19:40 UTC+08,20:08 UTC+08 ,06:29 AEDT,7h 21m,1,C25
SQ446 SIA446, Dhaka (DAC / VGHS),19:45 UTC+08,19:55 UTC+08 ,21:50 UTC+06,3h 55m,2,F50
AI343 AIC343, Mumbai (BOM / VABB),19:45 UTC+08,20:07 UTC+08 ,22:43 IST,5h 6m,2,F34
3K677 JSA677, Penang (PEN / WMKP),19:50 UTC+08,20:17 UTC+08 ,21:42 UTC+08,1h 25m,1,D40
JT151 LNI151, Jakarta (CGK / WIII),19:50 UTC+08,20:30 UTC+08 ,21:47 WIB,2h 17m,3,B3
UL309 ALK309, Colombo (CMB / VCBI),19:50 UTC+08,20:14 UTC+08 ,21:26 UTC+0530,3h 42m,3,A16
SQ297 SIA297, Christchurch (CHC / NZCH),19:50 UTC+08,19:50 UTC+08 ,10:10 NZDT,9h 20m,3,B4
MI342 SLK342, Kuala Lumpur (KUL / WMKK),19:55 UTC+08,20:56 UTC+08 ,22:01 UTC+08,1h 5m,2,E7
3K239 JSA239, Denpasar (DPS / WADD),19:55 UTC+08,19:53 UTC+08 ,22:40 WITA,2h 47m,1,D37
SQ868 SIA868, Hong Kong (HKG / VHHH),19:55 UTC+08,20:02 UTC+08 ,23:48 HKT,3h 46m,3,A21
MI803 SLK803, Darwin (DRW / YPDN),19:55 UTC+08,20:15 UTC+08 ,02:10 ACST,4h 25m,2,F35
SQ516 SIA516, Kolkata (CCU / VECC),19:55 UTC+08,20:30 UTC+08 ,22:06 IST,4h 6m,3,A3
PR512 PAL512, Manila (MNL / RPLL),20:00 UTC+08,19:57 UTC+08 ,23:39 PST,3h 42m,1,C20
MI474 SLK474, Hyderabad (HYD / VOHS),20:00 UTC+08,21:45 UTC+08 ,23:54 IST,4h 39m,2,F35
SQ502 SIA502, Bangalore (BLR / VOBL),20:05 UTC+08,20:30 UTC+08 ,22:05 IST,4h 5m,3,A17
SQ247 SIA247, Melbourne (MEL / YMML),20:05 UTC+08,20:06 UTC+08 ,06:21 AEDT,7h 15m,3,A1
QZ265 AWQ265, Jakarta (CGK / WIII),20:10 UTC+08,20:34 UTC+08 ,21:11 WIB,1h 37m,4,G8
PG962 BKP962, Koh Samui (USM / VTSM),20:10 UTC+08,20:09 UTC+08 ,20:56 UTC+07,1h 47m,1,C17
QF52 QFA52, Brisbane (BNE / YBBN),20:10 UTC+08,20:23 UTC+08 ,05:36 AEST,7h 13m,1,D41
BA15 BAW15, Sydney (SYD / YSSY),20:10 UTC+08,20:04 UTC+08 ,06:35 AEDT,7h 31m,1,B10
3K537 JSA537, Phuket (HKT / VTSP),20:15 UTC+08,20:13 UTC+08 ,21:12 UTC+07,1h 59m,1,C11
CX636 CPA636, Hong Kong (HKG / VHHH),20:15 UTC+08,20:15 UTC+08 ,00:00 HKT,3h 45m,4,G19
AK718 AXM718, Kuala Lumpur (KUL / WMKK),20:15 UTC+08,21:42 UTC+08 ,22:33 UTC+08,51m,4,G4
PX393 ANG393, Port Moresby (POM / AYPY),20:15 UTC+08,20:15 UTC+08 ,04:51 UTC+10,6h 36m,1,D42
GA839 GIA839, Jakarta (CGK / WIII),20:20 UTC+08,20:20 UTC+08 ,21:09 WIB,1h 49m,3,B8
MI468 SLK468, Cochin (COK / VOCI),20:20 UTC+08,20:48 UTC+08 ,22:33 IST,4h 15m,2,F36
SQ528 SIA528, Chennai (MAA / VOMM),20:20 UTC+08,20:49 UTC+08 ,22:23 IST,4h 4m,3,A9
MI356 SLK356, Penang (PEN / WMKP),20:25 UTC+08,20:38 UTC+08 ,22:00 UTC+08,1h 22m,2,E1
QR947 QTR947, Doha (DOH / OTHH),20:25 UTC+08,20:32 UTC+08 ,23:49 UTC+03,8h 17m,1,D32
3K205 JSA205, Jakarta (CGK / WIII),20:30 UTC+08,23:06 UTC+08 ,23:54 WIB,1h 48m,1,C16
CI751 CAL751, Surabaya (SUB / WARR),20:30 UTC+08,20:35 UTC+08 ,22:01 WIB,2h 26m,3,B5
QF82 QFA82, Sydney (SYD / YSSY),20:30 UTC+08,20:32 UTC+08 ,07:16 AEDT,7h 44m,1,C24
FD350 AIQ350, Bangkok (DMK / VTBD),20:35 UTC+08,20:58 UTC+08 ,22:30 UTC+07,2h 32m,4,G1
SQ452 SIA452, Male (MLE / VRMM),20:35 UTC+08,20:51 UTC+08 ,22:13 UTC+05,4h 22m,2,F58
SQ221 SIA221, Sydney (SYD / YSSY),20:40 UTC+08,20:45 UTC+08 ,07:15 AEDT,7h 30m,3,B2
SQ38 SIA38, Los Angeles (LAX / KLAX),20:45 UTC+08,20:49 UTC+08 ,20:00 PST,15h 11m,3,A15
VN656 HVN656, Ho Chi Minh City (SGN / VVTS),20:45 UTC+08,21:10 UTC+08 ,22:30 UTC+07,2h 20m,4,H2
QZ509 AWQ509, Denpasar (DPS / WADD),20:45 UTC+08,20:56 UTC+08 ,23:41 WITA,2h 45m,4,G11
TR580 TGW580, Visakhapatnam (VTZ / VEVZ),20:45 UTC+08,21:18 UTC+08 ,22:25 IST,3h 36m,1,E27
TR530 TGW530, Thiruvananthapuram (TRV / VOTV),20:45 UTC+08,21:25 UTC+08 ,23:02 IST,4h 6m,1,D38
IX485 AXB485, Bangalore (BLR / VOBL),20:45 UTC+08,20:45 UTC+08 ,23:24 IST,5h 9m,2,E6
AK1730 AXM1730, Penang (PEN / WMKP),20:50 UTC+08,21:07 UTC+08 ,22:21 UTC+08,1h 14m,4,G2
TR540 TGW540, Coimbatore (CJB / VOCB),20:50 UTC+08,20:50 UTC+08 ,23:09 IST,4h 49m,1,D48
FJ360 FJI360, Nadi (NAN / NFFN),20:55 UTC+08,20:57 UTC+08 ,11:55 UTC+13,9h 58m,1,C22
ID7162 BTK7162, Jakarta (CGK / WIII),21:00 UTC+08,21:00 UTC+08 ,21:52 WIB,1h 52m,1,A16
TG410 THA410, Bangkok (BKK / VTBS),21:00 UTC+08,21:01 UTC+08 ,22:22 UTC+07,2h 21m,1,C13
RX785 , Dhaka (DAC / VGHS),21:00 UTC+08,21:00 UTC+08,23:15 UTC+06,4h 15m,4,G17
EK355 UAE355, Dubai (DXB / OMDB),21:00 UTC+08,21:13 UTC+08 ,01:00 UTC+04,7h 47m,1,B7
UB4 UBA004, Yangon (RGN / VYYY),21:15 UTC+08,21:46 UTC+08 ,22:56 UTC+0630,2h 40m,3,A3
MH610 MAS610, Kuala Lumpur (KUL / WMKK),21:20 UTC+08,22:28 UTC+08 ,23:33 UTC+08,1h 5m,2,F52
BI424 RBA424, Brunei (BWN / WBSB),21:25 UTC+08,21:25 UTC+08 ,23:35 UTC+08,2h 10m,2,F30
SL105 TLM105, Bangkok (DMK / VTBD),21:25 UTC+08,23:03 UTC+08 ,00:32 UTC+07,2h 28m,3,B5
OD806 MXD806, Kuala Lumpur (KUL / WMKK),21:30 UTC+08,01:06 UTC+08 ,01:55 UTC+08,48m,3,A9
TR564 TGW564, Tiruchirapalli (TRZ / VOTR),21:30 UTC+08,21:30 UTC+08 ,23:16 IST,4h 16m,1,E27
SQ235 SIA235, Brisbane (BNE / YBBN),21:35 UTC+08,22:57 UTC+08 ,08:12 AEST,7h 15m,3,B3
TR468 TGW468, Kuala Lumpur (KUL / WMKK),21:50 UTC+08,22:20 UTC+08 ,23:29 UTC+08,1h 9m,1,D38
SQ227 SIA227, Melbourne (MEL / YMML),21:50 UTC+08,21:53 UTC+08 ,08:17 AEDT,7h 24m,3,B10
QZ269 AWQ269, Jakarta (CGK / WIII),21:55 UTC+08,21:49 UTC+08 ,22:25 WIB,1h 36m,4,G8
3K775 JSA775, Angeles City (CRK / RPLC),22:00 UTC+08,22:46 UTC+08 ,02:19 PST,3h 33m,1,C17
GA847 GIA847, Jakarta (CGK / WIII),22:05 UTC+08,22:05 UTC+08 ,22:46 WIB,1h 41m,3,A9
ID7158 BTK7158, Jakarta (CGK / WIII),22:05 UTC+08,22:05 UTC+08 ,22:49 WIB,1h 44m,1,A18
TR868 TGW868, Bangkok (DMK / VTBD),22:05 UTC+08,22:05 UTC+08 ,23:32 UTC+07,2h 27m,1,D36
SQ468 SIA468, Colombo (CMB / VCBI),22:10 UTC+08,22:18 UTC+08 ,23:31 UTC+0530,3h 43m,2,E3
TR574 TGW574, Hyderabad (HYD / VOHS),22:10 UTC+08,22:10 UTC+08 ,00:44 IST,5h 4m,1,C19
TR578 TGW578, Chennai (MAA / VOMM),22:15 UTC+08,22:15 UTC+08 ,23:44 IST,3h 59m,1,D49
UA28 UAL28, San Francisco (SFO / KSFO),22:20 UTC+08,22:27 UTC+08 ,21:05 PST,14h 38m,2,E20
Z27237 APG7237, Cebu (CEB / RPVM),22:20 UTC+08,22:20 UTC+08 ,01:47 PST,3h 27m,4,G1
NH844 ANA844, Tokyo (HND / RJTT),22:20 UTC+08,22:20 UTC+08 ,05:42 JST,6h 22m,2,E22
TR6 TGW006, Gold Coast (OOL / YBCG),22:20 UTC+08,22:20 UTC+08 ,07:29 AEST,7h 9m,1,D44
MI462 SLK462, Cochin (COK / VOCI),22:25 UTC+08,00:01 UTC+08 ,01:52 IST,4h 21m,2,F41
JL36 JAL36, Tokyo (HND / RJTT),22:25 UTC+08,22:24 UTC+08 ,05:58 JST,6h 34m,1,C18
SQ285 SIA285, Auckland (AKL / NZAA),22:25 UTC+08,22:55 UTC+08 ,13:21 NZDT,9h 26m,3,A2
TR106 TGW106, Guangzhou (CAN / ZGGG),22:30 UTC+08,23:05 UTC+08 ,03:26 CST,4h 21m,1,C11
KE644 KAL644, Seoul (ICN / RKSI),22:30 UTC+08,22:31 UTC+08 ,05:48 KST,6h 17m,4,G18
AK720 AXM720, Kuala Lumpur (KUL / WMKK),22:35 UTC+08,22:33 UTC+08 ,23:32 UTC+08,59m,4,G11
SQ968 SIA968, Jakarta (CGK / WIII),22:40 UTC+08,22:40 UTC+08 ,23:23 WIB,1h 43m,2,F33
9C8550 CQH8550, Shanghai (PVG / ZSPD),22:40 UTC+08,22:40 UTC+08 ,03:39 CST,4h 59m,4,G6
FD352 AIQ352, Bangkok (DMK / VTBD),22:45 UTC+08,22:59 UTC+08 ,00:15 UTC+07,2h 16m,4,G8
SQ636 SIA636, Tokyo (HND / RJTT),22:45 UTC+08,22:49 UTC+08 ,06:15 JST,6h 26m,3,A11
BA16 BAW16, London (LHR / EGLL),22:55 UTC+08,23:00 UTC+08 ,04:50 GMT,13h 50m,1,C22
AK1726 AXM1726, Penang (PEN / WMKP),22:55 UTC+08,23:25 UTC+08 ,00:38 UTC+08,1h 13m,4,G2
TR566 TGW566, Tiruchirapalli (TRZ / VOTR),22:55 UTC+08,22:55 UTC+08 ,00:52 IST,4h 27m,1,D35
HO1606 DKH1606, Shanghai (PVG / ZSPD),22:55 UTC+08,22:55 UTC+08 ,04:17 CST,5h 22m,4,G9
MU566 CES566, Shanghai (PVG / ZSPD),23:00 UTC+08,23:55 UTC+08 ,05:02 CST,5h 7m,3,A19
AI383 AIC383, Delhi (DEL / VIDP),23:00 UTC+08,22:55 UTC+08 ,02:25 IST,6h,2,F52
SQ660 SIA660, Sapporo (CTS / RJCC),23:00 UTC+08,23:03 UTC+08 ,07:35 JST,7h 32m,3,A21
AF257 AFR257, Paris (CDG / LFPG),23:05 UTC+08,23:10 UTC+08 ,06:09 CET,13h 59m,1,C24
AK9726 AXM9726, Kuala Lumpur (KUL / WMKK),23:05 UTC+08,23:02 UTC+08 ,23:50 UTC+08,48m,4,G10
SQ616 SIA616, Busan (PUS / RKPK),23:10 UTC+08,00:34 UTC+08 ,07:22 KST,5h 48m,3,A18
OZ752 AAR752, Seoul (ICN / RKSI),23:10 UTC+08,23:21 UTC+08 ,06:42 KST,6h 21m,3,B7
BA12 BAW12, London (LHR / EGLL),23:15 UTC+08,23:31 UTC+08 ,05:25 GMT,13h 54m,1,C26
TK55 THY55, Istanbul (ISL / LTBA),23:35 UTC+08,23:38 UTC+08 ,06:00 UTC+03,11h 22m,1,D42
SQ279 SIA279, Adelaide (ADL / YPAD),23:35 UTC+08,23:45 UTC+08 ,08:58 ACDT,6h 43m,3,B8
QF38 QFA38, Melbourne (MEL / YMML),23:40 UTC+08,23:39 UTC+08 ,10:12 AEDT,7h 33m,1,C13
AY132 FIN132, Helsinki (HEL / EFHK),23:45 UTC+08,23:45 UTC+08 ,05:49 EET,12h 4m,1,D48
SQ356 SIA356, Milan (MXP / LIMC),23:45 UTC+08,03:48 UTC+08 ,09:55 CET,13h 7m,3,B6
SQ322 SIA322, London (LHR / EGLL),23:45 UTC+08,01:22 UTC+08 ,07:23 GMT,14h 1m,3,A5
LH791 DLH791, Munich (MUC / EDDM),23:55 UTC+08,00:09 UTC+08 ,05:53 CET,12h 44m,2,E28
LH779 DLH779, Frankfurt (FRA / EDDF),23:55 UTC+08,00:20 UTC+08 ,06:36 CET,13h 16m,2,E8
SQ352 SIA352, Copenhagen (CPH / EKCH),23:55 UTC+08,23:55 UTC+08 ,05:57 CET,13h 2m,3,C20
SQ324 SIA324, Amsterdam (AMS / EHAM),23:55 UTC+08,01:11 UTC+08 ,07:48 CET,13h 37m,3,A1
SQ338 SIA338, Dusseldorf (DUS / EDDL),23:55 UTC+08,01:41 UTC+08 ,08:21 CET,13h 40m,3,A15
SQ26 SIA26, Frankfurt (FRA / EDDF),23:55 UTC+08,01:40 UTC+08 ,08:26 CET,13h 46m,3,A10
QF1 QFA1, London (LHR / EGLL),23:55 UTC+08,23:59 UTC+08 ,06:09 GMT,14h 10m,1,C23
SQ638 SIA638, Tokyo (NRT / RJAA),23:55 UTC+08,23:52 UTC+08 ,07:23 JST,6h 31m,3,B2
